carrera,plan,cve_materia,nombre_materia,nivel,creditos,caracter,vigente
INGENIERIA,PLAN DE ESTUDIOS JUNIO 2023,0000,GEOMETRIA Y TRIGONOMETRIA,1,0,obligatoria,true
INGENIERIA,PLAN DE ESTUDIOS JUNIO 2023,0041,ALGEBRA A,1,8,obligatoria,true
INGENIERIA,PLAN DE ESTUDIOS JUNIO 2023,6013,SEMINARIO DE ORIENTACION,1,0,obligatoria,true
INGENIERIA,PLAN DE ESTUDIOS JUNIO 2023,6012,INTRODUCCION A LOS MATERIALES,1,10,obligatoria,true
INGENIERIA,PLAN DE ESTUDIOS JUNIO 2023,6010,ORIGEN DE LOS MATERIALES,1,10,obligatoria,true
INGENIERIA,PLAN DE ESTUDIOS JUNIO 2023,0071,QUIMICA A,1,8,obligatoria,true
INGENIERIA,PLAN DE ESTUDIOS JUNIO 2023,1005,METODOLOGIA DE LA INVESTIGACION,1,4,obligatoria,true
INGENIERIA,PLAN DE ESTUDIOS JUNIO 2023,1006,TECNICAS DE COMUNICACION ORAL Y ESCRITA,1,5,obligatoria,true
INGENIERIA,PLAN DE ESTUDIOS JUNIO 2023,0061,FISICA A,2,8,obligatoria,true
INGENIERIA,PLAN DE ESTUDIOS JUNIO 2023,0042,ALGEBRA B,2,8,obligatoria,true
INGENIERIA,PLAN DE ESTUDIOS JUNIO 2023,0051,CALCULO A,2,8,obligatoria,true
INGENIERIA,PLAN DE ESTUDIOS JUNIO 2023,6025,MINERALOGIA,2,10,obligatoria,true
INGENIERIA,PLAN DE ESTUDIOS JUNIO 2023,6021,QUIMICA DE MATERIALES,2,10,obligatoria,true
INGENIERIA,PLAN DE ESTUDIOS JUNIO 2023,1936,INGLES 1,2,5,obligatoria,true
INGENIERIA,PLAN DE ESTUDIOS JUNIO 2023,0063,FISICA C,3,6,obligatoria,true
INGENIERIA,PLAN DE ESTUDIOS JUNIO 2023,0052,CALCULO B,3,8,obligatoria,true
INGENIERIA,PLAN DE ESTUDIOS JUNIO 2023,6034,DINAMISMO,3,6,obligatoria,true
INGENIERIA,PLAN DE ESTUDIOS JUNIO 2023,6032,OBTENCION DE MATERIALES,3,10,obligatoria,true
INGENIERIA,PLAN DE ESTUDIOS JUNIO 2023,6031,ANALISIS DE MATERIALES,3,10,obligatoria,true
INGENIERIA,PLAN DE ESTUDIOS JUNIO 2023,1012,"ARTE, CULTURA Y HUMANIDADES I",3,2,obligatoria,true
INGENIERIA,PLAN DE ESTUDIOS JUNIO 2023,1008,TENDENCIAS SOCIALES,3,2,obligatoria,true
INGENIERIA,PLAN DE ESTUDIOS JUNIO 2023,1937,INGLES 2,3,5,obligatoria,true
INGENIERIA,PLAN DE ESTUDIOS JUNIO 2023,6040,INGENIERIA ELECTRICA,4,6,obligatoria,true
INGENIERIA,PLAN DE ESTUDIOS JUNIO 2023,0055,CALCULO E,4,8,obligatoria,true
INGENIERIA,PLAN DE ESTUDIOS JUNIO 2023,6041,MECANICA DE FLUIDOS,4,8,obligatoria,true
INGENIERIA,PLAN DE ESTUDIOS JUNIO 2023,6046,PRINCIPIOS DE ECONOMIA,4,5,obligatoria,true
INGENIERIA,PLAN DE ESTUDIOS JUNIO 2023,6043,MATERIALES DE INGENIERIA I,4,12,obligatoria,true
INGENIERIA,PLAN DE ESTUDIOS JUNIO 2023,1014,"ACTIVIDADES ARTISTICAS, DEPORTIVAS O DE DIVULGACION",4,2,obligatoria,true
INGENIERIA,PLAN DE ESTUDIOS JUNIO 2023,1009,GESTION Y DESARROLLO SOCIAL,4,2,obligatoria,true
INGENIERIA,PLAN DE ESTUDIOS JUNIO 2023,1938,INGLES 3,4,5,obligatoria,true
INGENIERIA,PLAN DE ESTUDIOS JUNIO 2023,6054,INSTRUMENTACION,5,5,obligatoria,true
INGENIERIA,PLAN DE ESTUDIOS JUNIO 2023,6055,ECOLOGIA I,5,6,obligatoria,true
INGENIERIA,PLAN DE ESTUDIOS JUNIO 2023,6057,COMPUTACION APLICADA,5,4,obligatoria,true
INGENIERIA,PLAN DE ESTUDIOS JUNIO 2023,6056,FISICOQUIMICA,5,10,obligatoria,true
INGENIERIA,PLAN DE ESTUDIOS JUNIO 2023,6052,BENEFICIO DE MATERIALES I,5,12,obligatoria,true
INGENIERIA,PLAN DE ESTUDIOS JUNIO 2023,6053,MATERIALES DE INGENIERIA II,5,8,obligatoria,true
INGENIERIA,PLAN DE ESTUDIOS JUNIO 2023,1939,INGLES 4,5,5,obligatoria,true
INGENIERIA,PLAN DE ESTUDIOS JUNIO 2023,6065,TERMODINAMICA DE MATERIALES,6,10,obligatoria,true
INGENIERIA,PLAN DE ESTUDIOS JUNIO 2023,6063,BENEFICIO DE MATERIALES II,6,12,obligatoria,true
INGENIERIA,PLAN DE ESTUDIOS JUNIO 2023,6064,MECANICA DE MATERIALES,6,10,obligatoria,true
INGENIERIA,PLAN DE ESTUDIOS JUNIO 2023,6067,CERAMICOS,6,6,obligatoria,true
INGENIERIA,PLAN DE ESTUDIOS JUNIO 2023,1010,GESTION DE PROYECTOS,6,3,obligatoria,true
INGENIERIA,PLAN DE ESTUDIOS JUNIO 2023,1940,INGLES 5,6,5,obligatoria,true
INGENIERIA,PLAN DE ESTUDIOS JUNIO 2023,6096,PRACTICAS PROFESIONALES IMM I,7,15,obligatoria,true
INGENIERIA,PLAN DE ESTUDIOS JUNIO 2023,6079,ADMINISTRACION,7,6,obligatoria,true
INGENIERIA,PLAN DE ESTUDIOS JUNIO 2023,6077,FENOMENOS DE TRANSPORTE,7,10,obligatoria,true
INGENIERIA,PLAN DE ESTUDIOS JUNIO 2023,6072,EXTRACTIVA I,7,12,obligatoria,true
INGENIERIA,PLAN DE ESTUDIOS JUNIO 2023,6074,FORMADO DE MATERIALES,7,10,obligatoria,true
INGENIERIA,PLAN DE ESTUDIOS JUNIO 2023,6076,POLIMEROS,7,6,obligatoria,true
INGENIERIA,PLAN DE ESTUDIOS JUNIO 2023,6080,CONTROL DE CALIDAD,8,6,obligatoria,true
INGENIERIA,PLAN DE ESTUDIOS JUNIO 2023,6084,FUNDICION,8,8,obligatoria,true
INGENIERIA,PLAN DE ESTUDIOS JUNIO 2023,6087,CINETICA,8,8,obligatoria,true
INGENIERIA,PLAN DE ESTUDIOS JUNIO 2023,6082,EXTRACTIVA II,8,12,obligatoria,true
INGENIERIA,PLAN DE ESTUDIOS JUNIO 2023,6088,TRANSFORMACIONES DE FASES,8,10,obligatoria,true
INGENIERIA,PLAN DE ESTUDIOS JUNIO 2023,1015,LIDERAZGO,8,1,obligatoria,true
INGENIERIA,PLAN DE ESTUDIOS JUNIO 2023,1016,EMPRENDIMIENTO,8,2,obligatoria,true
INGENIERIA,PLAN DE ESTUDIOS JUNIO 2023,6090,ECOLOGIA II,9,8,obligatoria,true
INGENIERIA,PLAN DE ESTUDIOS JUNIO 2023,6106,SIMULACION,9,4,obligatoria,true
INGENIERIA,PLAN DE ESTUDIOS JUNIO 2023,6098,SELECCION Y USO DE MATERIALES,9,8,obligatoria,true
INGENIERIA,PLAN DE ESTUDIOS JUNIO 2023,6107,DISEÑO DE PROCESOS,10,5,obligatoria,true
INGENIERIA,PLAN DE ESTUDIOS JUNIO 2023,6086,,,,optativa-extractiva,true
INGENIERIA,PLAN DE ESTUDIOS JUNIO 2023,6093,SIDERURGIA,,6,optativa-extractiva,true
INGENIERIA,PLAN DE ESTUDIOS JUNIO 2023,6094,METALURGIA NO FERROSA,,6,optativa-extractiva,true
INGENIERIA,PLAN DE ESTUDIOS JUNIO 2023,6095,FLOTACION,,6,optativa-extractiva,true
INGENIERIA,PLAN DE ESTUDIOS JUNIO 2023,6101,TEMAS EN EXTRACTIVA,,6,optativa-extractiva,true
INGENIERIA,PLAN DE ESTUDIOS JUNIO 2023,6102,HIDRO Y ELECTROMETALURGIA,,6,optativa-extractiva,true
INGENIERIA,PLAN DE ESTUDIOS JUNIO 2023,6103,,,,optativa-extractiva,true
INGENIERIA,PLAN DE ESTUDIOS JUNIO 2023,6104,PIROMETALURGIA,,6,optativa-extractiva,true
INGENIERIA,PLAN DE ESTUDIOS JUNIO 2023,6105,,,,optativa-extractiva,true
INGENIERIA,PLAN DE ESTUDIOS JUNIO 2023,6108,PLANTAS DE BENEFICIO,,6,optativa-extractiva,true
INGENIERIA,PLAN DE ESTUDIOS JUNIO 2023,6121,PROBLEMAS METALURGICOS,,5,optativa-extractiva,true
INGENIERIA,PLAN DE ESTUDIOS JUNIO 2023,6202,CARACTERIZACION DE MATERIALES,,8,optativa-extractiva,true
INGENIERIA,PLAN DE ESTUDIOS JUNIO 2023,6111,METALURGIA DE POLVOS,,6,optativa-transformacion,true
INGENIERIA,PLAN DE ESTUDIOS JUNIO 2023,6112,SOLDADURA,,8,optativa-transformacion,true
INGENIERIA,PLAN DE ESTUDIOS JUNIO 2023,6113,CORROSION,,8,optativa-transformacion,true
INGENIERIA,PLAN DE ESTUDIOS JUNIO 2023,6114,ENSAYOS NO DESTRUCTIVOS,,6,optativa-transformacion,true
INGENIERIA,PLAN DE ESTUDIOS JUNIO 2023,6115,TRATAMIENTOS TERMICOS,,8,optativa-transformacion,true
INGENIERIA,PLAN DE ESTUDIOS JUNIO 2023,6116,ALEACIONES Y ESTABILIDAD DE FASE,,6,optativa-transformacion,true
INGENIERIA,PLAN DE ESTUDIOS JUNIO 2023,6117,ANALISIS DE FALLAS,,6,optativa-transformacion,true
INGENIERIA,PLAN DE ESTUDIOS JUNIO 2023,6118,ESTRUCTURA Y PROPIEDADES,,6,optativa-transformacion,true
INGENIERIA,PLAN DE ESTUDIOS JUNIO 2023,6119,TEMAS EN MATERIALES,,6,optativa-transformacion,true
INGENIERIA,PLAN DE ESTUDIOS JUNIO 2023,6120,SOLIDIFICACION,,8,optativa-transformacion,true
INGENIERIA,PLAN DE ESTUDIOS JUNIO 2023,1013,"ARTE, CULTURA Y HUMANIDADES II",,2,optativa-otros,true
INGENIERIA,PLAN DE ESTUDIOS JUNIO 2023,1908,MOVILIDAD I,,6,optativa-otros,true
INGENIERIA,PLAN DE ESTUDIOS JUNIO 2023,1909,MOVILIDAD II,,6,optativa-otros,true
INGENIERIA,PLAN DE ESTUDIOS JUNIO 2023,1910,MOVILIDAD III,,6,optativa-otros,true
INGENIERIA,PLAN DE ESTUDIOS JUNIO 2023,1916,ACTIVIDADES DE APRENDIZAJE I,,2,optativa-otros,true
INGENIERIA,PLAN DE ESTUDIOS JUNIO 2023,1917,ACTIVIDADES DE APRENDIZAJE II,,2,optativa-otros,true
INGENIERIA,PLAN DE ESTUDIOS JUNIO 2023,1918,,,,optativa-otros,true
INGENIERIA,PLAN DE ESTUDIOS JUNIO 2023,6097,PRACTICAS PROFESIONALES IMM II,,15,optativa-otros,true
INGENIERIA,PLAN DE ESTUDIOS JUNIO 2023,6201,,,,optativa-otros,true
INGENIERIA,PLAN DE ESTUDIOS JUNIO 2023,6203,MANTENIMIENTO ELECTROMECANICO,,6,optativa-otros,true
INGENIERIA,PLAN DE ESTUDIOS JUNIO 2023,6204,TEMAS COMPLEMENTARIOS,,6,optativa-otros,true
INGENIERIA,MATERIAS NO VIGENTES EN EL PLAN DE ESTUDIOS JUNIO 2019 PERO CURSADAS POR LAS COHORTES EN ESTUDIO,1001,SEMINARIO INTEGRADOR I,,1,optativa-otros,false
INGENIERIA,MATERIAS NO VIGENTES EN EL PLAN DE ESTUDIOS JUNIO 2019 PERO CURSADAS POR LAS COHORTES EN ESTUDIO,1002,SEMINARIO INTEGRADOR II,,1,optativa-otros,false
INGENIERIA,MATERIAS NO VIGENTES EN EL PLAN DE ESTUDIOS JUNIO 2019 PERO CURSADAS POR LAS COHORTES EN ESTUDIO,1003,SEMINARIO INTEGRADOR III,,1,optativa-otros,false
INGENIERIA,MATERIAS NO VIGENTES EN EL PLAN DE ESTUDIOS JUNIO 2019 PERO CURSADAS POR LAS COHORTES EN ESTUDIO,1004,SEMINARIO INTEGRADOR IV,,1,optativa-otros,false
INGENIERIA,MATERIAS NO VIGENTES EN EL PLAN DE ESTUDIOS JUNIO 2019 PERO CURSADAS POR LAS COHORTES EN ESTUDIO,1011,LIDERAZGO Y EMPRENDIMIENTO,,3,optativa-otros,false
INGENIERIA,MATERIAS NO VIGENTES EN EL PLAN DE ESTUDIOS JUNIO 2019 PERO CURSADAS POR LAS COHORTES EN ESTUDIO,1100,TECNICAS DEL APRENDIZAJE,,5,optativa-otros,false
INGENIERIA,MATERIAS NO VIGENTES EN EL PLAN DE ESTUDIOS JUNIO 2019 PERO CURSADAS POR LAS COHORTES EN ESTUDIO,1102,HUMANIDADES B,,3,optativa-otros,false
INGENIERIA,MATERIAS NO VIGENTES EN EL PLAN DE ESTUDIOS JUNIO 2019 PERO CURSADAS POR LAS COHORTES EN ESTUDIO,1103,APROVECHAMIENTO DE LOS RECURSOS NACIONALES,,3,optativa-otros,false
INGENIERIA,MATERIAS NO VIGENTES EN EL PLAN DE ESTUDIOS JUNIO 2019 PERO CURSADAS POR LAS COHORTES EN ESTUDIO,1104,HUMANIDADES C,,1,optativa-otros,false
INGENIERIA,MATERIAS NO VIGENTES EN EL PLAN DE ESTUDIOS JUNIO 2019 PERO CURSADAS POR LAS COHORTES EN ESTUDIO,1105,ESCRITURA Y REDACCION,,0,optativa-otros,false
INGENIERIA,MATERIAS NO VIGENTES EN EL PLAN DE ESTUDIOS JUNIO 2019 PERO CURSADAS POR LAS COHORTES EN ESTUDIO,1120,GEOMETRIA DESCRIPTIVA,,5,optativa-otros,false
INGENIERIA,MATERIAS NO VIGENTES EN EL PLAN DE ESTUDIOS JUNIO 2019 PERO CURSADAS POR LAS COHORTES EN ESTUDIO,1130,METODOS NUMERICOS,,6,optativa-otros,false
INGENIERIA,MATERIAS NO VIGENTES EN EL PLAN DE ESTUDIOS JUNIO 2019 PERO CURSADAS POR LAS COHORTES EN ESTUDIO,1134,COMPUTACION,,3,optativa-otros,false
INGENIERIA,MATERIAS NO VIGENTES EN EL PLAN DE ESTUDIOS JUNIO 2019 PERO CURSADAS POR LAS COHORTES EN ESTUDIO,1901,INGLES BASICO I,,0,optativa-otros,false
INGENIERIA,MATERIAS NO VIGENTES EN EL PLAN DE ESTUDIOS JUNIO 2019 PERO CURSADAS POR LAS COHORTES EN ESTUDIO,1902,INGLES BASICO II,,0,optativa-otros,false
INGENIERIA,MATERIAS NO VIGENTES EN EL PLAN DE ESTUDIOS JUNIO 2019 PERO CURSADAS POR LAS COHORTES EN ESTUDIO,1903,INGLES INTERMEDIO I,,0,optativa-otros,false
INGENIERIA,MATERIAS NO VIGENTES EN EL PLAN DE ESTUDIOS JUNIO 2019 PERO CURSADAS POR LAS COHORTES EN ESTUDIO,1904,INGLES INTERMEDIO II,,0,optativa-otros,false
INGENIERIA,MATERIAS NO VIGENTES EN EL PLAN DE ESTUDIOS JUNIO 2019 PERO CURSADAS POR LAS COHORTES EN ESTUDIO,1905,INGLES AVANZADO,,0,optativa-otros,false
INGENIERIA,MATERIAS NO VIGENTES EN EL PLAN DE ESTUDIOS JUNIO 2019 PERO CURSADAS POR LAS COHORTES EN ESTUDIO,1907,PRACTICAS PROFESIONALES II,,15,optativa-otros,false
INGENIERIA,MATERIAS NO VIGENTES EN EL PLAN DE ESTUDIOS JUNIO 2019 PERO CURSADAS POR LAS COHORTES EN ESTUDIO,1909,MOVILIDAD II,,6,optativa-otros,false
INGENIERIA,MATERIAS NO VIGENTES EN EL PLAN DE ESTUDIOS JUNIO 2019 PERO CURSADAS POR LAS COHORTES EN ESTUDIO,1910,MOVILIDAD III,,6,optativa-otros,false
INGENIERIA,MATERIAS NO VIGENTES EN EL PLAN DE ESTUDIOS JUNIO 2019 PERO CURSADAS POR LAS COHORTES EN ESTUDIO,1917,ACTIVIDADES DE APRENDIZAJE II,,2,optativa-otros,false
INGENIERIA,MATERIAS NO VIGENTES EN EL PLAN DE ESTUDIOS JUNIO 2019 PERO CURSADAS POR LAS COHORTES EN ESTUDIO,1931,INGLES 1,,0,optativa-otros,false
INGENIERIA,MATERIAS NO VIGENTES EN EL PLAN DE ESTUDIOS JUNIO 2019 PERO CURSADAS POR LAS COHORTES EN ESTUDIO,1932,INGLES 2,,0,optativa-otros,false
INGENIERIA,MATERIAS NO VIGENTES EN EL PLAN DE ESTUDIOS JUNIO 2019 PERO CURSADAS POR LAS COHORTES EN ESTUDIO,1933,INGLES 3,,0,optativa-otros,false
INGENIERIA,MATERIAS NO VIGENTES EN EL PLAN DE ESTUDIOS JUNIO 2019 PERO CURSADAS POR LAS COHORTES EN ESTUDIO,1934,INGLES 4,,0,optativa-otros,false
INGENIERIA,MATERIAS NO VIGENTES EN EL PLAN DE ESTUDIOS JUNIO 2019 PERO CURSADAS POR LAS COHORTES EN ESTUDIO,1935,INGLES 5,,0,optativa-otros,false
INGENIERIA,MATERIAS NO VIGENTES EN EL PLAN DE ESTUDIOS JUNIO 2019 PERO CURSADAS POR LAS COHORTES EN ESTUDIO,6023,DINAMISMO I,,6,optativa-otros,false
INGENIERIA,MATERIAS NO VIGENTES EN EL PLAN DE ESTUDIOS JUNIO 2019 PERO CURSADAS POR LAS COHORTES EN ESTUDIO,6033,DINAMISMO II,,6,optativa-otros,false
INGENIERIA,MATERIAS NO VIGENTES EN EL PLAN DE ESTUDIOS JUNIO 2019 PERO CURSADAS POR LAS COHORTES EN ESTUDIO,6045,PRINCIPIOS DE ECONOMIA,,10,optativa-otros,false
INGENIERIA,MATERIAS NO VIGENTES EN EL PLAN DE ESTUDIOS JUNIO 2019 PERO CURSADAS POR LAS COHORTES EN ESTUDIO,6060,MATEMATICAS APLICADAS,,10,optativa-otros,false
INGENIERIA,MATERIAS NO VIGENTES EN EL PLAN DE ESTUDIOS JUNIO 2019 PERO CURSADAS POR LAS COHORTES EN ESTUDIO,6069,MATEMATICAS APLICADAS,,6,optativa-otros,false
INGENIERIA,MATERIAS NO VIGENTES EN EL PLAN DE ESTUDIOS JUNIO 2019 PERO CURSADAS POR LAS COHORTES EN ESTUDIO,6070,ADMINISTRACION,,8,optativa-otros,false
INGENIERIA,MATERIAS NO VIGENTES EN EL PLAN DE ESTUDIOS JUNIO 2019 PERO CURSADAS POR LAS COHORTES EN ESTUDIO,6092,SELECCION Y USO DE MATERIALES,,10,optativa-otros,false
INGENIERIA,MATERIAS NO VIGENTES EN EL PLAN DE ESTUDIOS JUNIO 2019 PERO CURSADAS POR LAS COHORTES EN ESTUDIO,6099,SIMULACION,,8,optativa-otros,false
INGENIERIA,MATERIAS NO VIGENTES EN EL PLAN DE ESTUDIOS JUNIO 2019 PERO CURSADAS POR LAS COHORTES EN ESTUDIO,6100,DISEÑO DE PROCESOS,,10,optativa-otros,false
